{
    "PlayerPosition": {
        "x": 38.51000213623047,
        "y": -3.985003709793091
    },
    "PlayerHealth": 5,
    "AmountOfJumps": 1
}