{"PlayerPosition":{"x":33.68596267700195,"y":-3.985008478164673},"PlayerHealth":5,"AmountOfJumps":2,"CollectedCollectibles":[{"instanceID":-23878}]}